participant_id,condition,counterbalance_list,phase,trial_index,trial_index_global,pair_id,stimulus_id,mechanism,integrity,provenance_condition,transfer_type,trust_pre,misleading_pre,confidence_pre,trust_post,misleading_post,confidence_post,initial_response_time_ms,intervention_time_ms,locate_time_ms,explain_time_ms,verify_time_ms,compare_time_ms,trial_total_time_ms,detection_correct,false_positive,false_negative,belief_revision
MV-00000000,control,A,baseline,0,0,B-02,S102.svg,cherry-picked-time,misleading,,,85,unsure,74,,,,9873,,,,,,15223,False,False,True,
MV-00000000,control,A,baseline,1,1,B-03,S103.svg,hidden-uncertainty,accurate,,,83,no,40,,,,5615,,,,,,30876,True,False,False,
MV-00000000,control,A,baseline,2,2,B-04,S104.svg,area-distortion,misleading,,,67,yes,49,,,,6527,,,,,,39365,True,False,False,
MV-00000000,control,A,baseline,3,3,B-01,S101.svg,truncated-axis,accurate,,,76,no,64,,,,4584,,,,,,19763,True,False,False,
MV-00000000,control,A,main,0,4,AD-02,S016.svg,area-distortion,misleading,none,,62,unsure,42,48,unsure,74,14955,6045,,,,,39887,False,False,True,-14
MV-00000000,control,A,main,1,5,HU-02,S011.svg,hidden-uncertainty,accurate,none,,79,no,58,83,no,63,13299,13459,,,,,14300,True,False,False,4
MV-00000000,control,A,main,2,6,CP-01,S006.svg,cherry-picked-time,misleading,ai-assisted,,85,yes,82,76,yes,45,6733,18013,,,,,15628,True,False,False,-9
MV-00000000,control,A,main,3,7,CE-01,S017.svg,color-emphasis,accurate,ai-assisted,,61,no,69,63,no,50,13415,10065,,,,,19641,True,False,False,2
MV-00000000,control,A,main,4,8,CE-02,S019.svg,color-emphasis,accurate,none,,68,no,84,73,no,44,14199,13980,,,,,28806,True,False,False,5
MV-00000000,control,A,main,5,9,AD-01,S014.svg,area-distortion,misleading,ai-assisted,,50,yes,55,36,yes,64,5677,8422,,,,,38323,True,False,False,-14
MV-00000000,control,A,main,6,10,MT-02,S024.svg,misleading-title,misleading,none,,80,unsure,54,70,unsure,89,14216,16713,,,,,9832,False,False,True,-10
MV-00000000,control,A,main,7,11,CP-02,S008.svg,cherry-picked-time,misleading,none,,54,no,60,46,no,44,9572,7456,,,,,37921,False,False,True,-8
MV-00000000,control,A,main,8,12,HU-01,S009.svg,hidden-uncertainty,accurate,ai-assisted,,75,no,71,80,no,69,9482,6340,,,,,16679,True,False,False,5
MV-00000000,control,A,main,9,13,TA-01,S001.svg,truncated-axis,accurate,ai-assisted,,63,no,75,65,no,87,11830,13577,,,,,22038,True,False,False,2
MV-00000000,control,A,main,10,14,TA-02,S003.svg,truncated-axis,accurate,none,,80,no,48,83,no,45,11348,16382,,,,,9543,True,False,False,3
MV-00000000,control,A,main,11,15,MT-01,S022.svg,misleading-title,misleading,ai-assisted,,47,yes,50,34,yes,78,14149,5040,,,,,20608,True,False,False,-13
MV-00000000,control,A,transfer,0,16,T-05,S205.svg,dual-axis,misleading,,far,64,yes,69,,,,11669,,,,,,16238,True,False,False,
MV-00000000,control,A,transfer,1,17,T-04,S204.svg,cherry-picked-time,accurate,,near,90,unsure,40,,,,14145,,,,,,31616,False,False,False,
MV-00000000,control,A,transfer,2,18,T-03,S203.svg,truncated-axis,misleading,,near,47,unsure,74,,,,7371,,,,,,33185,False,False,True,
MV-00000000,control,A,transfer,3,19,T-01,S201.svg,color-emphasis,accurate,,near,76,no,67,,,,5591,,,,,,22867,True,False,False,
MV-00000000,control,A,transfer,4,20,T-06,S206.svg,pie-3d,accurate,,far,55,yes,86,,,,7315,,,,,,39846,False,True,False,
MV-00000000,control,A,transfer,5,21,T-02,S202.svg,misleading-title,misleading,,near,72,unsure,72,,,,4743,,,,,,36525,False,False,True,
MV-00000001,egvv,B,baseline,0,0,B-02,S102.svg,cherry-picked-time,misleading,,,48,unsure,75,,,,5705,,,,,,16685,False,False,True,
MV-00000001,egvv,B,baseline,1,1,B-03,S103.svg,hidden-uncertainty,accurate,,,88,unsure,67,,,,6470,,,,,,38438,False,False,False,
MV-00000001,egvv,B,baseline,2,2,B-04,S104.svg,area-distortion,misleading,,,74,unsure,84,,,,6295,,,,,,31361,False,False,True,
MV-00000001,egvv,B,baseline,3,3,B-01,S101.svg,truncated-axis,accurate,,,74,no,82,,,,13647,,,,,,20236,True,False,False,
MV-00000001,egvv,B,main,0,4,AD-01,S014.svg,area-distortion,misleading,none,,68,no,68,46,yes,64,4982,5049,3384,2086,4409,4268,15540,True,False,False,-22
MV-00000001,egvv,B,main,1,5,HU-01,S009.svg,hidden-uncertainty,accurate,none,,69,no,85,65,no,64,13339,5104,5708,2128,5521,3353,10321,True,False,False,-4
MV-00000001,egvv,B,main,2,6,TA-02,S004.svg,truncated-axis,misleading,ai-assisted,,72,yes,82,51,yes,84,10953,6167,4962,5831,5614,4338,26881,True,False,False,-21
MV-00000001,egvv,B,main,3,7,MT-02,S023.svg,misleading-title,accurate,ai-assisted,,85,no,70,86,no,56,9669,5588,4699,3765,3451,3734,21470,True,False,False,1
MV-00000001,egvv,B,main,4,8,AD-02,S015.svg,area-distortion,accurate,ai-assisted,,84,unsure,43,82,no,53,14032,10596,4982,3389,5279,5529,11580,True,False,False,-2
MV-00000001,egvv,B,main,5,9,CE-02,S020.svg,color-emphasis,misleading,ai-assisted,,55,yes,74,36,yes,77,10350,7006,3140,3894,3023,5581,38253,True,False,False,-19
MV-00000001,egvv,B,main,6,10,CP-02,S007.svg,cherry-picked-time,accurate,ai-assisted,,59,no,75,55,no,91,4604,12856,5424,2060,5969,2382,38355,True,False,False,-4
MV-00000001,egvv,B,main,7,11,HU-02,S012.svg,hidden-uncertainty,misleading,ai-assisted,,55,yes,71,34,yes,75,10886,18785,2240,2674,3552,2008,20793,True,False,False,-21
MV-00000001,egvv,B,main,8,12,TA-01,S001.svg,truncated-axis,accurate,none,,71,unsure,90,75,no,77,10454,15412,5921,4992,5208,4276,29688,True,False,False,4
MV-00000001,egvv,B,main,9,13,MT-01,S022.svg,misleading-title,misleading,none,,85,yes,52,64,yes,53,7861,13489,5013,4220,2249,5063,18276,True,False,False,-21
MV-00000001,egvv,B,main,10,14,CE-01,S017.svg,color-emphasis,accurate,none,,58,no,70,58,no,53,11238,19741,4080,2328,5487,2761,10245,True,False,False,0
MV-00000001,egvv,B,main,11,15,CP-01,S006.svg,cherry-picked-time,misleading,none,,78,yes,55,60,yes,86,9615,8033,4371,4435,2162,4536,10686,True,False,False,-18
MV-00000001,egvv,B,transfer,0,16,T-02,S202.svg,misleading-title,misleading,,near,66,unsure,76,,,,11565,,,,,,18366,False,False,True,
MV-00000001,egvv,B,transfer,1,17,T-05,S205.svg,dual-axis,misleading,,far,56,yes,85,,,,8147,,,,,,15821,True,False,False,
MV-00000001,egvv,B,transfer,2,18,T-03,S203.svg,truncated-axis,misleading,,near,56,yes,82,,,,13575,,,,,,17830,True,False,False,
MV-00000001,egvv,B,transfer,3,19,T-06,S206.svg,pie-3d,accurate,,far,84,no,88,,,,4188,,,,,,8305,True,False,False,
MV-00000001,egvv,B,transfer,4,20,T-04,S204.svg,cherry-picked-time,accurate,,near,84,no,76,,,,4638,,,,,,10400,True,False,False,
MV-00000001,egvv,B,transfer,5,21,T-01,S201.svg,color-emphasis,accurate,,near,89,no,56,,,,5170,,,,,,38581,True,False,False,
MV-00000002,control,C,baseline,0,0,B-02,S102.svg,cherry-picked-time,misleading,,,53,unsure,56,,,,11280,,,,,,24008,False,False,True,
MV-00000002,control,C,baseline,1,1,B-03,S103.svg,hidden-uncertainty,accurate,,,71,unsure,43,,,,4512,,,,,,28784,False,False,False,
MV-00000002,control,C,baseline,2,2,B-04,S104.svg,area-distortion,misleading,,,67,no,42,,,,3058,,,,,,18929,False,False,True,
MV-00000002,control,C,baseline,3,3,B-01,S101.svg,truncated-axis,accurate,,,63,no,56,,,,5647,,,,,,32288,True,False,False,
MV-00000002,control,C,main,0,4,AD-01,S013.svg,area-distortion,accurate,ai-assisted,,83,no,67,83,no,47,12189,5232,,,,,38967,True,False,False,0
MV-00000002,control,C,main,1,5,TA-02,S004.svg,truncated-axis,misleading,none,,84,no,74,73,no,77,3590,13052,,,,,12852,False,False,True,-11
MV-00000002,control,C,main,2,6,CP-02,S007.svg,cherry-picked-time,accurate,none,,82,no,59,82,no,62,8974,7441,,,,,30349,True,False,False,0
MV-00000002,control,C,main,3,7,AD-02,S015.svg,area-distortion,accurate,none,,70,no,62,73,no,79,12173,16279,,,,,13064,True,False,False,3
MV-00000002,control,C,main,4,8,CP-01,S005.svg,cherry-picked-time,accurate,ai-assisted,,70,unsure,51,70,unsure,51,9755,16067,,,,,38293,False,False,False,0
MV-00000002,control,C,main,5,9,MT-01,S021.svg,misleading-title,accurate,ai-assisted,,76,no,66,81,no,55,13975,8371,,,,,13216,True,False,False,5
MV-00000002,control,C,main,6,10,HU-02,S012.svg,hidden-uncertainty,misleading,none,,84,yes,42,77,yes,52,10711,17378,,,,,38095,True,False,False,-7
MV-00000002,control,C,main,7,11,TA-01,S002.svg,truncated-axis,misleading,ai-assisted,,69,yes,90,62,yes,41,6728,14813,,,,,14328,True,False,False,-7
MV-00000002,control,C,main,8,12,CE-01,S018.svg,color-emphasis,misleading,ai-assisted,,65,yes,44,54,yes,81,7573,12346,,,,,21096,True,False,False,-11
MV-00000002,control,C,main,9,13,CE-02,S020.svg,color-emphasis,misleading,none,,83,no,74,83,no,47,8425,18369,,,,,39798,False,False,True,0
MV-00000002,control,C,main,10,14,HU-01,S010.svg,hidden-uncertainty,misleading,ai-assisted,,56,yes,56,53,yes,78,3626,11119,,,,,19327,True,False,False,-3
MV-00000002,control,C,main,11,15,MT-02,S023.svg,misleading-title,accurate,none,,75,no,72,78,no,76,4894,7114,,,,,16346,True,False,False,3
MV-00000002,control,C,transfer,0,16,T-01,S201.svg,color-emphasis,accurate,,near,57,no,40,,,,11518,,,,,,38329,True,False,False,
MV-00000002,control,C,transfer,1,17,T-04,S204.svg,cherry-picked-time,accurate,,near,89,no,87,,,,13987,,,,,,14456,True,False,False,
MV-00000002,control,C,transfer,2,18,T-05,S205.svg,dual-axis,misleading,,far,63,yes,82,,,,8409,,,,,,28419,True,False,False,
MV-00000002,control,C,transfer,3,19,T-02,S202.svg,misleading-title,misleading,,near,60,unsure,47,,,,14792,,,,,,37492,False,False,True,
MV-00000002,control,C,transfer,4,20,T-06,S206.svg,pie-3d,accurate,,far,74,no,82,,,,9691,,,,,,18688,True,False,False,
MV-00000002,control,C,transfer,5,21,T-03,S203.svg,truncated-axis,misleading,,near,65,unsure,75,,,,5085,,,,,,14286,False,False,True,
MV-00000003,egvv,D,baseline,0,0,B-02,S102.svg,cherry-picked-time,misleading,,,58,yes,80,,,,13145,,,,,,18983,True,False,False,
MV-00000003,egvv,D,baseline,1,1,B-01,S101.svg,truncated-axis,accurate,,,60,unsure,88,,,,6848,,,,,,30046,False,False,False,
MV-00000003,egvv,D,baseline,2,2,B-03,S103.svg,hidden-uncertainty,accurate,,,74,no,52,,,,5414,,,,,,8800,True,False,False,
MV-00000003,egvv,D,baseline,3,3,B-04,S104.svg,area-distortion,misleading,,,42,yes,70,,,,13015,,,,,,35844,True,False,False,
MV-00000003,egvv,D,main,0,4,CE-02,S019.svg,color-emphasis,accurate,ai-assisted,,59,no,80,60,no,95,12431,15409,3572,4024,3636,2999,12835,True,False,False,1
MV-00000003,egvv,D,main,1,5,AD-02,S016.svg,area-distortion,misleading,ai-assisted,,150,unsure,88,42,yes,77,4746,7585,2720,5293,5923,4850,24972,True,False,False,-108
MV-00000003,egvv,D,main,2,6,HU-02,S011.svg,hidden-uncertainty,accurate,ai-assisted,,84,no,55,93,no,58,4988,17130,3903,4734,4175,4289,27511,True,False,False,9
MV-00000003,egvv,D,main,3,7,MT-01,S021.svg,misleading-title,accurate,none,,75,yes,68,83,no,85,13037,11305,5674,2651,5046,5528,23554,True,False,False,8
MV-00000003,egvv,D,main,4,8,CP-02,S008.svg,cherry-picked-time,misleading,ai-assisted,,68,yes,55,45,yes,83,13447,11939,4567,2979,3124,3801,10538,True,False,False,-23
MV-00000003,egvv,D,main,5,9,TA-02,S003.svg,truncated-axis,accurate,ai-assisted,,73,no,61,70,no,58,8238,6471,2947,3568,4842,2625,31147,True,False,False,-3
MV-00000003,egvv,D,main,6,10,CP-01,S005.svg,cherry-picked-time,accurate,none,,68,no,66,77,no,76,8421,5020,2847,5411,3720,3595,37649,True,False,False,9
MV-00000003,egvv,D,main,7,11,MT-02,S024.svg,misleading-title,misleading,ai-assisted,,77,no,41,50,yes,80,12432,4096,5861,3440,3223,5086,20779,True,False,False,-27
MV-00000003,egvv,D,main,8,12,TA-01,S002.svg,truncated-axis,misleading,none,,66,yes,87,26,yes,88,11947,18709,2903,3999,2898,3117,22281,True,False,False,-40
MV-00000003,egvv,D,main,9,13,CE-01,S018.svg,color-emphasis,misleading,none,,71,yes,61,35,yes,75,13958,15864,2676,5442,3914,5766,12182,True,False,False,-36
MV-00000003,egvv,D,main,10,14,AD-01,S013.svg,area-distortion,accurate,none,,89,no,65,84,no,55,12697,14530,3755,2555,5550,3891,13954,True,False,False,-5
MV-00000003,egvv,D,main,11,15,HU-01,S010.svg,hidden-uncertainty,misleading,none,,43,yes,60,14,yes,70,6467,9529,5117,5603,3552,3139,32641,True,False,False,-29
MV-00000003,egvv,D,transfer,0,16,T-06,S206.svg,pie-3d,accurate,,far,81,no,45,,,,10705,,,,,,8635,True,False,False,
MV-00000003,egvv,D,transfer,1,17,T-01,S201.svg,color-emphasis,accurate,,near,89,no,62,,,,6673,,,,,,29303,True,False,False,
MV-00000003,egvv,D,transfer,2,18,T-03,S203.svg,truncated-axis,misleading,,near,44,unsure,81,,,,3659,,,,,,32714,False,False,True,
MV-00000003,egvv,D,transfer,3,19,T-02,S202.svg,misleading-title,misleading,,near,41,no,52,,,,3333,,,,,,28359,False,False,True,
MV-00000003,egvv,D,transfer,4,20,T-04,S204.svg,cherry-picked-time,accurate,,near,64,no,70,,,,13968,,,,,,11748,True,False,False,
MV-00000003,egvv,D,transfer,5,21,T-05,S205.svg,dual-axis,misleading,,far,76,no,69,,,,14460,,,,,,16396,False,False,True,
MV-00000004,control,A,baseline,0,0,B-02,S102.svg,cherry-picked-time,misleading,,,44,yes,61,,,,3207,,,,,,35838,True,False,False,
MV-00000004,control,A,baseline,1,1,B-04,S104.svg,area-distortion,misleading,,,66,no,46,,,,10102,,,,,,39483,False,False,True,
MV-00000004,control,A,baseline,2,2,B-03,S103.svg,hidden-uncertainty,accurate,,,78,no,69,,,,14588,,,,,,13013,True,False,False,
MV-00000004,control,A,baseline,3,3,B-01,S101.svg,truncated-axis,accurate,,,82,no,73,,,,13657,,,,,,16850,True,False,False,
MV-00000004,control,A,main,0,4,CP-01,S006.svg,cherry-picked-time,misleading,ai-assisted,,79,no,74,65,no,67,10921,17528,,,,,31954,False,False,True,-14
MV-00000004,control,A,main,1,5,CP-02,S008.svg,cherry-picked-time,misleading,none,,77,yes,55,69,yes,68,4419,7995,,,,,32591,True,False,False,-8
MV-00000004,control,A,main,2,6,MT-01,S022.svg,misleading-title,misleading,ai-assisted,,69,yes,82,59,yes,41,9209,12098,,,,,35884,True,False,False,-10
MV-00000004,control,A,main,3,7,AD-02,S016.svg,area-distortion,misleading,none,,60,yes,53,52,yes,61,8813,8581,,,,,36846,True,False,False,-8
MV-00000004,control,A,main,4,8,MT-02,S024.svg,misleading-title,misleading,none,,78,unsure,57,78,unsure,73,12106,19533,,,,,14260,False,False,True,0
MV-00000004,control,A,main,5,9,TA-02,S003.svg,truncated-axis,accurate,none,,60,no,66,64,no,88,11004,7937,,,,,30629,True,False,False,4
MV-00000004,control,A,main,6,10,HU-02,S011.svg,hidden-uncertainty,accurate,none,,85,no,71,85,no,45,10342,8820,,,,,15261,True,False,False,0
MV-00000004,control,A,main,7,11,CE-01,S017.svg,color-emphasis,accurate,ai-assisted,,80,no,59,84,no,63,13878,11753,,,,,26136,True,False,False,4
MV-00000004,control,A,main,8,12,AD-01,S014.svg,area-distortion,misleading,ai-assisted,,73,yes,87,63,yes,62,12017,15515,,,,,22868,True,False,False,-10
MV-00000004,control,A,main,9,13,CE-02,S019.svg,color-emphasis,accurate,none,,72,no,54,77,no,52,4976,9169,,,,,11917,True,False,False,5
MV-00000004,control,A,main,10,14,HU-01,S009.svg,hidden-uncertainty,accurate,ai-assisted,,89,yes,84,90,yes,53,6033,16101,,,,,23866,False,True,False,1
MV-00000004,control,A,main,11,15,TA-01,S001.svg,truncated-axis,accurate,ai-assisted,,72,no,88,76,no,58,11595,5647,,,,,35283,True,False,False,4
MV-00000004,control,A,transfer,0,16,T-01,S201.svg,color-emphasis,accurate,,near,67,no,63,,,,5939,,,,,,17904,True,False,False,
MV-00000004,control,A,transfer,1,17,T-02,S202.svg,misleading-title,misleading,,near,40,unsure,48,,,,7494,,,,,,9491,False,False,True,
MV-00000004,control,A,transfer,2,18,T-06,S206.svg,pie-3d,accurate,,far,58,no,84,,,,5068,,,,,,28901,True,False,False,
MV-00000004,control,A,transfer,3,19,T-04,S204.svg,cherry-picked-time,accurate,,near,86,no,40,,,,12405,,,,,,17317,True,False,False,
MV-00000004,control,A,transfer,4,20,T-05,S205.svg,dual-axis,misleading,,far,70,yes,61,,,,6020,,,,,,39637,True,False,False,
MV-00000004,control,A,transfer,5,21,T-03,S203.svg,truncated-axis,misleading,,near,43,yes,70,,,,4869,,,,,,34939,True,False,False,
MV-00000005,egvv,B,baseline,0,0,B-01,S101.svg,truncated-axis,accurate,,,61,unsure,53,,,,13248,,,,,,14914,False,False,False,
MV-00000005,egvv,B,baseline,1,1,B-03,S103.svg,hidden-uncertainty,accurate,,,71,no,50,,,,6929,,,,,,13695,True,False,False,
MV-00000005,egvv,B,baseline,2,2,B-02,S102.svg,cherry-picked-time,misleading,,,75,yes,40,,,,9693,,,,,,22762,True,False,False,
MV-00000005,egvv,B,baseline,3,3,B-04,S104.svg,area-distortion,misleading,,,84,yes,58,,,,3534,,,,,,15585,True,False,False,
MV-00000005,egvv,B,main,0,4,HU-02,S012.svg,hidden-uncertainty,misleading,ai-assisted,,58,unsure,84,41,yes,93,10438,7824,5784,3083,5226,5240,28481,True,False,False,-17
MV-00000005,egvv,B,main,1,5,AD-02,S015.svg,area-distortion,accurate,ai-assisted,,67,no,74,66,no,67,6683,17543,2582,2292,2244,2679,33972,True,False,False,-1
MV-00000005,egvv,B,main,2,6,CE-01,S017.svg,color-emphasis,accurate,none,,74,no,76,83,no,57,7728,11679,4820,3245,4866,3648,38889,True,False,False,9
MV-00000005,egvv,B,main,3,7,CP-02,S007.svg,cherry-picked-time,accurate,ai-assisted,,72,no,71,69,no,88,10172,4653,5643,3769,5008,3320,27782,True,False,False,-3
MV-00000005,egvv,B,main,4,8,AD-01,S014.svg,area-distortion,misleading,none,,56,yes,54,15,yes,86,14047,13619,5894,2084,5132,4753,34916,True,False,False,-41
MV-00000005,egvv,B,main,5,9,TA-02,S004.svg,truncated-axis,misleading,ai-assisted,,57,yes,88,27,yes,83,5870,14674,3811,5752,3139,2743,27180,True,False,False,-30
MV-00000005,egvv,B,main,6,10,MT-02,S023.svg,misleading-title,accurate,ai-assisted,,82,no,71,92,no,72,4494,10690,3365,3315,4744,2428,36106,True,False,False,10
MV-00000005,egvv,B,main,7,11,HU-01,S009.svg,hidden-uncertainty,accurate,none,,65,no,84,69,no,92,11117,19486,3640,5332,5115,4253,9202,True,False,False,4
MV-00000005,egvv,B,main,8,12,CE-02,S020.svg,color-emphasis,misleading,ai-assisted,,69,yes,56,51,yes,75,8296,18170,4107,5378,2004,4693,36487,True,False,False,-18
MV-00000005,egvv,B,main,9,13,CP-01,S006.svg,cherry-picked-time,misleading,none,,74,yes,43,43,yes,73,6073,14201,5098,4041,4561,3810,32903,True,False,False,-31
MV-00000005,egvv,B,main,10,14,TA-01,S001.svg,truncated-axis,accurate,none,,58,no,75,62,no,78,5146,18431,4860,3985,2497,2118,39888,True,False,False,4
MV-00000005,egvv,B,main,11,15,MT-01,S022.svg,misleading-title,misleading,none,,80,unsure,55,60,yes,69,14629,13024,2056,4262,3671,2381,15362,True,False,False,-20
MV-00000005,egvv,B,transfer,0,16,T-06,S206.svg,pie-3d,accurate,,far,62,no,47,,,,13612,,,,,,35267,True,False,False,
MV-00000005,egvv,B,transfer,1,17,T-01,S201.svg,color-emphasis,accurate,,near,64,no,85,,,,7781,,,,,,24674,True,False,False,
MV-00000005,egvv,B,transfer,2,18,T-02,S202.svg,misleading-title,misleading,,near,85,yes,70,,,,10736,,,,,,15986,True,False,False,
MV-00000005,egvv,B,transfer,3,19,T-04,S204.svg,cherry-picked-time,accurate,,near,84,no,64,,,,6122,,,,,,38207,True,False,False,
MV-00000005,egvv,B,transfer,4,20,T-05,S205.svg,dual-axis,misleading,,far,78,yes,48,,,,4143,,,,,,17052,True,False,False,
MV-00000005,egvv,B,transfer,5,21,T-03,S203.svg,truncated-axis,misleading,,near,66,yes,90,,,,11318,,,,,,16754,True,False,False,
MV-00000006,control,C,baseline,0,0,B-03,S103.svg,hidden-uncertainty,accurate,,,86,yes,48,,,,11229,,,,,,39632,False,True,False,
MV-00000006,control,C,baseline,1,1,B-01,S101.svg,truncated-axis,accurate,,,76,unsure,68,,,,4633,,,,,,25234,False,False,False,
MV-00000006,control,C,baseline,2,2,B-04,S104.svg,area-distortion,misleading,,,69,yes,49,,,,9717,,,,,,36538,True,False,False,
MV-00000006,control,C,baseline,3,3,B-02,S102.svg,cherry-picked-time,misleading,,,81,no,44,,,,10692,,,,,,33609,False,False,True,
MV-00000006,control,C,main,0,4,TA-01,S002.svg,truncated-axis,misleading,ai-assisted,,56,yes,84,54,yes,61,9512,17964,,,,,30097,True,False,False,-2
MV-00000006,control,C,main,1,5,AD-02,S015.svg,area-distortion,accurate,none,,89,no,60,94,no,88,13269,11994,,,,,36586,True,False,False,5
MV-00000006,control,C,main,2,6,MT-01,S021.svg,misleading-title,accurate,ai-assisted,,89,no,44,94,no,83,6846,19088,,,,,17416,True,False,False,5
MV-00000006,control,C,main,3,7,HU-01,S010.svg,hidden-uncertainty,misleading,ai-assisted,,54,unsure,67,51,unsure,68,4612,6725,,,,,30741,False,False,True,-3
MV-00000006,control,C,main,4,8,TA-02,S004.svg,truncated-axis,misleading,none,,59,no,42,58,no,58,8314,9873,,,,,20282,False,False,True,-1
MV-00000006,control,C,main,5,9,CP-01,S005.svg,cherry-picked-time,accurate,ai-assisted,,82,no,73,86,no,83,9751,16984,,,,,13900,True,False,False,4
MV-00000006,control,C,main,6,10,CP-02,S007.svg,cherry-picked-time,accurate,none,,65,no,79,69,no,83,9267,7945,,,,,24307,True,False,False,4
MV-00000006,control,C,main,7,11,AD-01,S013.svg,area-distortion,accurate,ai-assisted,,64,no,80,67,no,56,7161,14925,,,,,8307,True,False,False,3
MV-00000006,control,C,main,8,12,CE-02,S020.svg,color-emphasis,misleading,none,,69,no,83,64,no,44,11955,11237,,,,,38973,False,False,True,-5
MV-00000006,control,C,main,9,13,CE-01,S018.svg,color-emphasis,misleading,ai-assisted,,62,no,59,49,no,84,13468,8097,,,,,22969,False,False,True,-13
MV-00000006,control,C,main,10,14,MT-02,S023.svg,misleading-title,accurate,none,,74,no,64,74,no,55,10916,10248,,,,,26740,True,False,False,0
MV-00000006,control,C,main,11,15,HU-02,S012.svg,hidden-uncertainty,misleading,none,,62,yes,84,62,yes,82,7837,10484,,,,,16994,True,False,False,0
MV-00000006,control,C,transfer,0,16,T-06,S206.svg,pie-3d,accurate,,far,55,no,83,,,,3803,,,,,,37839,True,False,False,
MV-00000006,control,C,transfer,1,17,T-01,S201.svg,color-emphasis,accurate,,near,86,unsure,58,,,,6770,,,,,,27892,False,False,False,
MV-00000006,control,C,transfer,2,18,T-02,S202.svg,misleading-title,misleading,,near,62,yes,52,,,,13172,,,,,,16212,True,False,False,
MV-00000006,control,C,transfer,3,19,T-05,S205.svg,dual-axis,misleading,,far,83,unsure,89,,,,13800,,,,,,30310,False,False,True,
MV-00000006,control,C,transfer,4,20,T-04,S204.svg,cherry-picked-time,accurate,,near,63,no,80,,,,13589,,,,,,9291,True,False,False,
MV-00000006,control,C,transfer,5,21,T-03,S203.svg,truncated-axis,misleading,,near,59,unsure,42,,,,12495,,,,,,19955,False,False,True,
MV-00000007,egvv,D,baseline,0,0,B-01,S101.svg,truncated-axis,accurate,,,80,yes,75,,,,8992,,,,,,10959,False,True,False,
MV-00000007,egvv,D,baseline,1,1,B-02,S102.svg,cherry-picked-time,misleading,,,65,yes,74,,,,5024,,,,,,22902,True,False,False,
MV-00000007,egvv,D,baseline,2,2,B-04,S104.svg,area-distortion,misleading,,,63,unsure,83,,,,7295,,,,,,27154,False,False,True,
MV-00000007,egvv,D,baseline,3,3,B-03,S103.svg,hidden-uncertainty,accurate,,,79,unsure,63,,,,4775,,,,,,30113,False,False,False,
MV-00000007,egvv,D,main,0,4,TA-01,S002.svg,truncated-axis,misleading,none,,54,yes,79,29,yes,89,12198,7626,4652,2258,4602,5374,23213,True,False,False,-25
MV-00000007,egvv,D,main,1,5,AD-02,S016.svg,area-distortion,misleading,ai-assisted,,84,yes,66,65,yes,52,4911,19503,2152,3246,4017,2475,11184,True,False,False,-19
MV-00000007,egvv,D,main,2,6,CE-02,S019.svg,color-emphasis,accurate,ai-assisted,,70,unsure,48,79,no,73,9367,14985,5888,5043,4852,5874,25701,True,False,False,9
MV-00000007,egvv,D,main,3,7,TA-02,S003.svg,truncated-axis,accurate,ai-assisted,,81,no,86,89,no,91,5531,5622,5414,4004,4521,3671,38770,True,False,False,8
MV-00000007,egvv,D,main,4,8,CE-01,S018.svg,color-emphasis,misleading,none,,57,yes,63,28,yes,78,6559,19573,2967,5503,3485,2406,30468,True,False,False,-29
MV-00000007,egvv,D,main,5,9,MT-02,S024.svg,misleading-title,misleading,ai-assisted,,63,yes,81,47,yes,75,8876,8520,2777,5965,2500,5887,35788,True,False,False,-16
MV-00000007,egvv,D,main,6,10,HU-01,S010.svg,hidden-uncertainty,misleading,none,,69,yes,53,,,,13513,14477,4445,5977,2087,2207,33781,True,False,False,
MV-00000007,egvv,D,main,7,11,HU-02,S011.svg,hidden-uncertainty,accurate,ai-assisted,,76,no,48,,,,12250,7362,2281,5398,5134,4270,14788,True,False,False,
MV-00000007,egvv,D,main,8,12,MT-01,S021.svg,misleading-title,accurate,none,,68,unsure,54,,,,8383,16687,2604,5230,5688,4441,8092,False,False,False,
MV-00000007,egvv,D,main,9,13,CP-02,S008.svg,cherry-picked-time,misleading,ai-assisted,,57,no,49,,,,5129,12850,3026,5270,2714,2450,29661,False,False,True,
MV-00000007,egvv,D,main,10,14,CP-01,S005.svg,cherry-picked-time,accurate,none,,56,no,62,,,,6898,13647,3326,2064,2713,3086,9717,True,False,False,
MV-00000007,egvv,D,main,11,15,AD-01,S013.svg,area-distortion,accurate,none,,63,no,73,,,,4862,16216,2260,3950,3836,5186,19863,True,False,False,
MV-00000007,egvv,D,transfer,0,16,T-02,S202.svg,misleading-title,misleading,,near,72,yes,68,,,,11254,,,,,,15259,True,False,False,
MV-00000007,egvv,D,transfer,1,17,T-03,S203.svg,truncated-axis,misleading,,near,79,yes,90,,,,13795,,,,,,25086,True,False,False,
MV-00000007,egvv,D,transfer,2,18,T-05,S205.svg,dual-axis,misleading,,far,59,yes,41,,,,3996,,,,,,23695,True,False,False,
MV-00000007,egvv,D,transfer,3,19,T-06,S206.svg,pie-3d,accurate,,far,80,no,46,,,,11032,,,,,,31343,True,False,False,
MV-00000007,egvv,D,transfer,4,20,T-04,S204.svg,cherry-picked-time,accurate,,near,83,no,45,,,,8277,,,,,,27932,True,False,False,
MV-00000007,egvv,D,transfer,5,21,T-01,S201.svg,color-emphasis,accurate,,near,64,no,57,,,,13228,,,,,,28744,True,False,False,
MV-00000008,control,A,baseline,0,0,B-01,S101.svg,truncated-axis,accurate,,,75,no,82,,,,7176,,,,,,20265,True,False,False,
MV-00000008,control,A,baseline,1,1,B-03,S103.svg,hidden-uncertainty,accurate,,,64,no,70,,,,4099,,,,,,10989,True,False,False,
MV-00000008,control,A,baseline,2,2,B-04,S104.svg,area-distortion,misleading,,,45,yes,46,,,,9105,,,,,,34600,True,False,False,
MV-00000008,control,A,baseline,3,3,B-02,S102.svg,cherry-picked-time,misleading,,,48,yes,77,,,,12201,,,,,,26405,True,False,False,
MV-00000008,control,A,main,0,4,TA-01,S001.svg,truncated-axis,accurate,ai-assisted,,76,no,66,81,no,88,8793,10929,,,,,36445,True,False,False,5
MV-00000008,control,A,main,1,5,CP-01,S006.svg,cherry-picked-time,misleading,ai-assisted,,43,no,78,32,no,46,8119,13468,,,,,24626,False,False,True,-11
MV-00000008,control,A,main,2,6,CP-02,S008.svg,cherry-picked-time,misleading,none,,53,yes,70,50,yes,62,6674,17850,,,,,26227,True,False,False,-3
MV-00000008,control,A,main,3,7,AD-02,S016.svg,area-distortion,misleading,none,,63,yes,57,56,yes,67,12406,17847,,,,,26381,True,False,False,-7
MV-00000008,control,A,main,4,8,HU-01,S009.svg,hidden-uncertainty,accurate,ai-assisted,,90,no,82,92,no,41,14361,6955,,,,,16954,True,False,False,2
MV-00000008,control,A,main,5,9,HU-02,S011.svg,hidden-uncertainty,accurate,none,,74,unsure,62,75,unsure,49,3100,13278,,,,,29539,False,False,False,1
MV-00000008,control,A,main,6,10,MT-01,S022.svg,misleading-title,misleading,ai-assisted,,65,yes,87,65,yes,45,13373,16224,,,,,25382,True,False,False,0
MV-00000008,control,A,main,7,11,MT-02,S024.svg,misleading-title,misleading,none,,53,yes,69,48,yes,63,8585,9105,,,,,31645,True,False,False,-5
MV-00000008,control,A,main,8,12,TA-02,S003.svg,truncated-axis,accurate,none,,75,no,76,75,no,43,12768,6549,,,,,13158,True,False,False,0
MV-00000008,control,A,main,9,13,AD-01,S014.svg,area-distortion,misleading,ai-assisted,,79,yes,45,65,yes,82,7458,10947,,,,,23914,True,False,False,-14
MV-00000008,control,A,main,10,14,CE-02,S019.svg,color-emphasis,accurate,none,,83,no,53,83,no,62,11394,11043,,,,,11633,True,False,False,0
MV-00000008,control,A,main,11,15,CE-01,S017.svg,color-emphasis,accurate,ai-assisted,,73,no,77,77,no,82,10972,9053,,,,,9488,True,False,False,4
MV-00000008,control,A,transfer,0,16,T-02,S202.svg,misleading-title,misleading,,near,54,yes,78,,,,3897,,,,,,8251,True,False,False,
MV-00000008,control,A,transfer,1,17,T-01,S201.svg,color-emphasis,accurate,,near,68,no,53,,,,5248,,,,,,33040,True,False,False,
MV-00000008,control,A,transfer,2,18,T-03,S203.svg,truncated-axis,misleading,,near,56,yes,47,,,,3126,,,,,,24298,True,False,False,
MV-00000008,control,A,transfer,3,19,T-05,S205.svg,dual-axis,misleading,,far,67,yes,64,,,,11725,,,,,,31057,True,False,False,
MV-00000008,control,A,transfer,4,20,T-06,S206.svg,pie-3d,accurate,,far,69,no,82,,,,8802,,,,,,10361,True,False,False,
MV-00000008,control,A,transfer,5,21,T-04,S204.svg,cherry-picked-time,accurate,,near,80,unsure,42,,,,10147,,,,,,8614,False,False,False,
MV-00000009,egvv,B,baseline,0,0,B-04,S104.svg,area-distortion,misleading,,,73,yes,59,,,,8562,,,,,,15260,True,False,False,
MV-00000009,egvv,B,baseline,1,1,B-02,S102.svg,cherry-picked-time,misleading,,,61,unsure,44,,,,11363,,,,,,28749,False,False,True,
MV-00000009,egvv,B,baseline,2,2,B-01,S101.svg,truncated-axis,accurate,,,62,no,52,,,,8724,,,,,,19504,True,False,False,
MV-00000009,egvv,B,baseline,3,3,B-03,S103.svg,hidden-uncertainty,accurate,,,64,no,49,,,,7193,,,,,,14464,True,False,False,
MV-00000009,egvv,B,main,0,4,HU-02,S012.svg,hidden-uncertainty,misleading,ai-assisted,,51,unsure,88,34,yes,61,13739,19585,5165,4572,4023,3900,32721,True,False,False,-17
MV-00000009,egvv,B,main,1,5,CE-02,S020.svg,color-emphasis,misleading,ai-assisted,,76,unsure,68,32,yes,86,14159,14534,4602,4558,3323,5539,39816,True,False,False,-44
MV-00000009,egvv,B,main,2,6,CE-01,S017.svg,color-emphasis,accurate,none,,75,no,44,84,no,90,10682,8961,5261,3125,4422,2230,19532,True,False,False,9
MV-00000009,egvv,B,main,3,7,AD-02,S015.svg,area-distortion,accurate,ai-assisted,,87,no,69,83,no,53,10404,10041,5406,3175,2314,4640,36319,True,False,False,-4
MV-00000009,egvv,B,main,4,8,CP-01,S006.svg,cherry-picked-time,misleading,none,,45,unsure,72,16,yes,87,9299,13081,5908,5243,5026,5669,9344,True,False,False,-29
MV-00000009,egvv,B,main,5,9,TA-01,S001.svg,truncated-axis,accurate,none,,83,unsure,76,84,no,70,13679,13912,3948,4053,2617,5922,10027,True,False,False,1
MV-00000009,egvv,B,main,6,10,CP-02,S007.svg,cherry-picked-time,accurate,ai-assisted,,83,no,61,80,no,82,14703,14586,2706,2160,3014,4898,22344,True,False,False,-3
MV-00000009,egvv,B,main,7,11,TA-02,S004.svg,truncated-axis,misleading,ai-assisted,,68,yes,79,42,yes,73,5600,19039,3158,3586,3674,5172,19087,True,False,False,-26
MV-00000009,egvv,B,main,8,12,HU-01,S009.svg,hidden-uncertainty,accurate,none,,58,no,81,55,no,71,8482,5548,4285,4778,3583,3163,16257,True,False,False,-3
MV-00000009,egvv,B,main,9,13,AD-01,S014.svg,area-distortion,misleading,none,,82,no,78,57,yes,55,5463,13547,4718,2579,5754,3432,18165,True,False,False,-25
MV-00000009,egvv,B,main,10,14,MT-01,S022.svg,misleading-title,misleading,none,,81,unsure,65,47,yes,95,5112,19368,2347,3268,4289,3542,29085,True,False,False,-34
MV-00000009,egvv,B,main,11,15,MT-02,S023.svg,misleading-title,accurate,ai-assisted,,76,unsure,82,73,no,91,14515,14984,3734,4082,3482,2074,19881,True,False,False,-3
MV-00000009,egvv,B,transfer,0,16,T-06,S206.svg,pie-3d,accurate,,far,74,no,53,,,,8598,,,,,,39053,True,False,False,
MV-00000009,egvv,B,transfer,1,17,T-05,S205.svg,dual-axis,misleading,,far,71,yes,48,,,,5538,,,,,,10528,True,False,False,
MV-00000009,egvv,B,transfer,2,18,T-03,S203.svg,truncated-axis,misleading,,near,58,no,46,,,,11317,,,,,,33260,False,False,True,
MV-00000009,egvv,B,transfer,3,19,T-04,S204.svg,cherry-picked-time,accurate,,near,89,unsure,73,,,,3618,,,,,,29690,False,False,False,
MV-00000009,egvv,B,transfer,4,20,T-02,S202.svg,misleading-title,misleading,,near,61,no,79,,,,5147,,,,,,27570,False,False,True,
MV-00000009,egvv,B,transfer,5,21,T-01,S201.svg,color-emphasis,accurate,,near,79,no,51,,,,14351,,,,,,33267,True,False,False,
